id,full_name,url,forks_count,stargazers_count,watchers_count,language,open_issues_count,issues_url,issue_events_url,issue_comment_url
571770,jgm/pandoc,https://api.github.com/repos/jgm/pandoc,1651,14641,14641,Haskell,484,https://api.github.com/repos/jgm/pandoc/issues{/number},https://api.github.com/repos/jgm/pandoc/issues/events{/number},https://api.github.com/repos/jgm/pandoc/issues/comments{/number}
6731432,koalaman/shellcheck,https://api.github.com/repos/koalaman/shellcheck,700,13839,13839,Haskell,375,https://api.github.com/repos/koalaman/shellcheck/issues{/number},https://api.github.com/repos/koalaman/shellcheck/issues/events{/number},https://api.github.com/repos/koalaman/shellcheck/issues/comments{/number}
20787122,PostgREST/postgrest,https://api.github.com/repos/PostgREST/postgrest,542,11933,11933,Haskell,101,https://api.github.com/repos/PostgREST/postgrest/issues{/number},https://api.github.com/repos/PostgREST/postgrest/issues/events{/number},https://api.github.com/repos/PostgREST/postgrest/issues/comments{/number}
13206906,purescript/purescript,https://api.github.com/repos/purescript/purescript,403,5524,5524,Haskell,243,https://api.github.com/repos/purescript/purescript/issues{/number},https://api.github.com/repos/purescript/purescript/issues/events{/number},https://api.github.com/repos/purescript/purescript/issues/comments{/number}
4072305,elm/compiler,https://api.github.com/repos/elm/compiler,401,5062,5062,Haskell,124,https://api.github.com/repos/elm/compiler/issues{/number},https://api.github.com/repos/elm/compiler/issues/events{/number},https://api.github.com/repos/elm/compiler/issues/comments{/number}
18379853,facebook/Haxl,https://api.github.com/repos/facebook/Haxl,278,3459,3459,Haskell,6,https://api.github.com/repos/facebook/Haxl/issues{/number},https://api.github.com/repos/facebook/Haxl/issues/events{/number},https://api.github.com/repos/facebook/Haxl/issues/comments{/number}
70913997,input-output-hk/cardano-sl,https://api.github.com/repos/input-output-hk/cardano-sl,543,3175,3175,Haskell,166,https://api.github.com/repos/input-output-hk/cardano-sl/issues{/number},https://api.github.com/repos/input-output-hk/cardano-sl/issues/events{/number},https://api.github.com/repos/input-output-hk/cardano-sl/issues/comments{/number}
34817922,commercialhaskell/stack,https://api.github.com/repos/commercialhaskell/stack,668,3008,3008,Haskell,833,https://api.github.com/repos/commercialhaskell/stack/issues{/number},https://api.github.com/repos/commercialhaskell/stack/issues/events{/number},https://api.github.com/repos/commercialhaskell/stack/issues/comments{/number}
76672223,luna/luna,https://api.github.com/repos/luna/luna,74,2778,2778,Haskell,87,https://api.github.com/repos/luna/luna/issues{/number},https://api.github.com/repos/luna/luna/issues/events{/number},https://api.github.com/repos/luna/luna/issues/comments{/number}
2386778,idris-lang/Idris-dev,https://api.github.com/repos/idris-lang/Idris-dev,611,2759,2759,Haskell,620,https://api.github.com/repos/idris-lang/Idris-dev/issues{/number},https://api.github.com/repos/idris-lang/Idris-dev/issues/events{/number},https://api.github.com/repos/idris-lang/Idris-dev/issues/comments{/number}
49426320,carp-lang/Carp,https://api.github.com/repos/carp-lang/Carp,93,2627,2627,Haskell,29,https://api.github.com/repos/carp-lang/Carp/issues{/number},https://api.github.com/repos/carp-lang/Carp/issues/events{/number},https://api.github.com/repos/carp-lang/Carp/issues/comments{/number}
30597615,caiorss/Functional-Programming,https://api.github.com/repos/caiorss/Functional-Programming,142,2442,2442,Haskell,5,https://api.github.com/repos/caiorss/Functional-Programming/issues{/number},https://api.github.com/repos/caiorss/Functional-Programming/issues/events{/number},https://api.github.com/repos/caiorss/Functional-Programming/issues/comments{/number}
28814210,sdiehl/write-you-a-haskell,https://api.github.com/repos/sdiehl/write-you-a-haskell,196,2395,2395,Haskell,17,https://api.github.com/repos/sdiehl/write-you-a-haskell/issues{/number},https://api.github.com/repos/sdiehl/write-you-a-haskell/issues/events{/number},https://api.github.com/repos/sdiehl/write-you-a-haskell/issues/comments{/number}
83621289,facebook/duckling,https://api.github.com/repos/facebook/duckling,352,2179,2179,Haskell,59,https://api.github.com/repos/facebook/duckling/issues{/number},https://api.github.com/repos/facebook/duckling/issues/events{/number},https://api.github.com/repos/facebook/duckling/issues/comments{/number}
55689010,typelead/eta,https://api.github.com/repos/typelead/eta,141,2158,2158,Haskell,218,https://api.github.com/repos/typelead/eta/issues{/number},https://api.github.com/repos/typelead/eta/issues/events{/number},https://api.github.com/repos/typelead/eta/issues/comments{/number}
849182,ghcjs/ghcjs,https://api.github.com/repos/ghcjs/ghcjs,157,2097,2097,Haskell,245,https://api.github.com/repos/ghcjs/ghcjs/issues{/number},https://api.github.com/repos/ghcjs/ghcjs/issues/events{/number},https://api.github.com/repos/ghcjs/ghcjs/issues/comments{/number}
1560597,ghc/ghc,https://api.github.com/repos/ghc/ghc,593,2091,2091,Haskell,14,https://api.github.com/repos/ghc/ghc/issues{/number},https://api.github.com/repos/ghc/ghc/issues/events{/number},https://api.github.com/repos/ghc/ghc/issues/comments{/number}
237904,yesodweb/yesod,https://api.github.com/repos/yesodweb/yesod,325,2044,2044,Haskell,118,https://api.github.com/repos/yesodweb/yesod/issues{/number},https://api.github.com/repos/yesodweb/yesod/issues/events{/number},https://api.github.com/repos/yesodweb/yesod/issues/comments{/number}
58161011,jameysharp/corrode,https://api.github.com/repos/jameysharp/corrode,103,1916,1916,Haskell,80,https://api.github.com/repos/jameysharp/corrode/issues{/number},https://api.github.com/repos/jameysharp/corrode/issues/events{/number},https://api.github.com/repos/jameysharp/corrode/issues/comments{/number}
392759,jaspervdj/hakyll,https://api.github.com/repos/jaspervdj/hakyll,337,1916,1916,Haskell,105,https://api.github.com/repos/jaspervdj/hakyll/issues{/number},https://api.github.com/repos/jaspervdj/hakyll/issues/events{/number},https://api.github.com/repos/jaspervdj/hakyll/issues/comments{/number}
81935044,wireapp/wire-server,https://api.github.com/repos/wireapp/wire-server,229,1856,1856,Haskell,21,https://api.github.com/repos/wireapp/wire-server/issues{/number},https://api.github.com/repos/wireapp/wire-server/issues/events{/number},https://api.github.com/repos/wireapp/wire-server/issues/comments{/number}
35164952,unisonweb/unison,https://api.github.com/repos/unisonweb/unison,66,1654,1654,Haskell,41,https://api.github.com/repos/unisonweb/unison/issues{/number},https://api.github.com/repos/unisonweb/unison/issues/events{/number},https://api.github.com/repos/unisonweb/unison/issues/comments{/number}
72706,jgm/gitit,https://api.github.com/repos/jgm/gitit,180,1634,1634,Haskell,186,https://api.github.com/repos/jgm/gitit/issues{/number},https://api.github.com/repos/jgm/gitit/issues/events{/number},https://api.github.com/repos/jgm/gitit/issues/comments{/number}
46234189,hadolint/hadolint,https://api.github.com/repos/hadolint/hadolint,72,1633,1633,Haskell,29,https://api.github.com/repos/hadolint/hadolint/issues{/number},https://api.github.com/repos/hadolint/hadolint/issues/events{/number},https://api.github.com/repos/hadolint/hadolint/issues/comments{/number}
44727837,haskell/haskell-ide-engine,https://api.github.com/repos/haskell/haskell-ide-engine,159,1522,1522,Haskell,189,https://api.github.com/repos/haskell/haskell-ide-engine/issues{/number},https://api.github.com/repos/haskell/haskell-ide-engine/issues/events{/number},https://api.github.com/repos/haskell/haskell-ide-engine/issues/comments{/number}
2616288,lamdu/lamdu,https://api.github.com/repos/lamdu/lamdu,57,1509,1509,Haskell,4,https://api.github.com/repos/lamdu/lamdu/issues{/number},https://api.github.com/repos/lamdu/lamdu/issues/events{/number},https://api.github.com/repos/lamdu/lamdu/issues/comments{/number}
5089764,mikeizbicki/HLearn,https://api.github.com/repos/mikeizbicki/HLearn,133,1464,1464,Haskell,25,https://api.github.com/repos/mikeizbicki/HLearn/issues{/number},https://api.github.com/repos/mikeizbicki/HLearn/issues/events{/number},https://api.github.com/repos/mikeizbicki/HLearn/issues/comments{/number}
5185084,ekmett/lens,https://api.github.com/repos/ekmett/lens,212,1438,1438,Haskell,73,https://api.github.com/repos/ekmett/lens/issues{/number},https://api.github.com/repos/ekmett/lens/issues/events{/number},https://api.github.com/repos/ekmett/lens/issues/comments{/number}
18277389,sdiehl/wiwinwlh,https://api.github.com/repos/sdiehl/wiwinwlh,169,1432,1432,Haskell,3,https://api.github.com/repos/sdiehl/wiwinwlh/issues{/number},https://api.github.com/repos/sdiehl/wiwinwlh/issues/events{/number},https://api.github.com/repos/sdiehl/wiwinwlh/issues/comments{/number}
3272927,valderman/haste-compiler,https://api.github.com/repos/valderman/haste-compiler,105,1321,1321,Haskell,59,https://api.github.com/repos/valderman/haste-compiler/issues{/number},https://api.github.com/repos/valderman/haste-compiler/issues/events{/number},https://api.github.com/repos/valderman/haste-compiler/issues/comments{/number}
3077100,scotty-web/scotty,https://api.github.com/repos/scotty-web/scotty,118,1294,1294,Haskell,57,https://api.github.com/repos/scotty-web/scotty/issues{/number},https://api.github.com/repos/scotty-web/scotty/issues/events{/number},https://api.github.com/repos/scotty-web/scotty/issues/comments{/number}
1335542,yi-editor/yi,https://api.github.com/repos/yi-editor/yi,182,1260,1260,Haskell,208,https://api.github.com/repos/yi-editor/yi/issues{/number},https://api.github.com/repos/yi-editor/yi/issues/events{/number},https://api.github.com/repos/yi-editor/yi/issues/comments{/number}
61973641,dmjio/miso,https://api.github.com/repos/dmjio/miso,84,1205,1205,Haskell,30,https://api.github.com/repos/dmjio/miso/issues{/number},https://api.github.com/repos/dmjio/miso/issues/events{/number},https://api.github.com/repos/dmjio/miso/issues/comments{/number}
638566,olivierverdier/zsh-git-prompt,https://api.github.com/repos/olivierverdier/zsh-git-prompt,295,1197,1197,Haskell,50,https://api.github.com/repos/olivierverdier/zsh-git-prompt/issues{/number},https://api.github.com/repos/olivierverdier/zsh-git-prompt/issues/events{/number},https://api.github.com/repos/olivierverdier/zsh-git-prompt/issues/comments{/number}
5134592,faylang/fay,https://api.github.com/repos/faylang/fay,89,1176,1176,Haskell,17,https://api.github.com/repos/faylang/fay/issues{/number},https://api.github.com/repos/faylang/fay/issues/events{/number},https://api.github.com/repos/faylang/fay/issues/comments{/number}
61802157,HuwCampbell/grenade,https://api.github.com/repos/HuwCampbell/grenade,66,1165,1165,Haskell,17,https://api.github.com/repos/HuwCampbell/grenade/issues{/number},https://api.github.com/repos/HuwCampbell/grenade/issues/events{/number},https://api.github.com/repos/HuwCampbell/grenade/issues/comments{/number}
41214544,xmonad/xmonad,https://api.github.com/repos/xmonad/xmonad,151,1137,1137,Haskell,51,https://api.github.com/repos/xmonad/xmonad/issues{/number},https://api.github.com/repos/xmonad/xmonad/issues/events{/number},https://api.github.com/repos/xmonad/xmonad/issues/comments{/number}
6297752,huangz1990/real-world-haskell-cn,https://api.github.com/repos/huangz1990/real-world-haskell-cn,172,1122,1122,Haskell,13,https://api.github.com/repos/huangz1990/real-world-haskell-cn/issues{/number},https://api.github.com/repos/huangz1990/real-world-haskell-cn/issues/events{/number},https://api.github.com/repos/huangz1990/real-world-haskell-cn/issues/comments{/number}
27440142,haskell-servant/servant,https://api.github.com/repos/haskell-servant/servant,248,1121,1121,Haskell,162,https://api.github.com/repos/haskell-servant/servant/issues{/number},https://api.github.com/repos/haskell-servant/servant/issues/events{/number},https://api.github.com/repos/haskell-servant/servant/issues/comments{/number}
71028374,tensorflow/haskell,https://api.github.com/repos/tensorflow/haskell,146,1117,1117,Haskell,30,https://api.github.com/repos/tensorflow/haskell/issues{/number},https://api.github.com/repos/tensorflow/haskell/issues/events{/number},https://api.github.com/repos/tensorflow/haskell/issues/comments{/number}
42377692,avh4/elm-format,https://api.github.com/repos/avh4/elm-format,112,1054,1054,Haskell,179,https://api.github.com/repos/avh4/elm-format/issues{/number},https://api.github.com/repos/avh4/elm-format/issues/events{/number},https://api.github.com/repos/avh4/elm-format/issues/comments{/number}
3728161,haskell/cabal,https://api.github.com/repos/haskell/cabal,464,990,990,Haskell,1172,https://api.github.com/repos/haskell/cabal/issues{/number},https://api.github.com/repos/haskell/cabal/issues/events{/number},https://api.github.com/repos/haskell/cabal/issues/comments{/number}
25432731,chrisdone/intero,https://api.github.com/repos/chrisdone/intero,124,944,944,Haskell,18,https://api.github.com/repos/chrisdone/intero/issues{/number},https://api.github.com/repos/chrisdone/intero/issues/events{/number},https://api.github.com/repos/chrisdone/intero/issues/comments{/number}
9301414,simonmichael/hledger,https://api.github.com/repos/simonmichael/hledger,152,944,944,Haskell,206,https://api.github.com/repos/simonmichael/hledger/issues{/number},https://api.github.com/repos/simonmichael/hledger/issues/events{/number},https://api.github.com/repos/simonmichael/hledger/issues/comments{/number}
3871325,GaloisInc/HaLVM,https://api.github.com/repos/GaloisInc/HaLVM,81,943,943,Haskell,36,https://api.github.com/repos/GaloisInc/HaLVM/issues{/number},https://api.github.com/repos/GaloisInc/HaLVM/issues/events{/number},https://api.github.com/repos/GaloisInc/HaLVM/issues/comments{/number}
8079216,quchen/articles,https://api.github.com/repos/quchen/articles,76,910,910,Haskell,4,https://api.github.com/repos/quchen/articles/issues{/number},https://api.github.com/repos/quchen/articles/issues/events{/number},https://api.github.com/repos/quchen/articles/issues/comments{/number}
21016984,google/codeworld,https://api.github.com/repos/google/codeworld,148,899,899,Haskell,198,https://api.github.com/repos/google/codeworld/issues{/number},https://api.github.com/repos/google/codeworld/issues/events{/number},https://api.github.com/repos/google/codeworld/issues/comments{/number}
13887438,BurntSushi/erd,https://api.github.com/repos/BurntSushi/erd,74,871,871,Haskell,17,https://api.github.com/repos/BurntSushi/erd/issues{/number},https://api.github.com/repos/BurntSushi/erd/issues/events{/number},https://api.github.com/repos/BurntSushi/erd/issues/comments{/number}
1977846,tonymorris/fp-course,https://api.github.com/repos/tonymorris/fp-course,1041,852,852,Haskell,17,https://api.github.com/repos/tonymorris/fp-course/issues{/number},https://api.github.com/repos/tonymorris/fp-course/issues/events{/number},https://api.github.com/repos/tonymorris/fp-course/issues/comments{/number}
7960131,diku-dk/futhark,https://api.github.com/repos/diku-dk/futhark,58,848,848,Haskell,33,https://api.github.com/repos/diku-dk/futhark/issues{/number},https://api.github.com/repos/diku-dk/futhark/issues/events{/number},https://api.github.com/repos/diku-dk/futhark/issues/comments{/number}
898407,tidalcycles/Tidal,https://api.github.com/repos/tidalcycles/Tidal,130,839,839,Haskell,72,https://api.github.com/repos/tidalcycles/Tidal/issues{/number},https://api.github.com/repos/tidalcycles/Tidal/issues/events{/number},https://api.github.com/repos/tidalcycles/Tidal/issues/comments{/number}
1367150,leksah/leksah,https://api.github.com/repos/leksah/leksah,107,834,834,Haskell,212,https://api.github.com/repos/leksah/leksah/issues{/number},https://api.github.com/repos/leksah/leksah/issues/events{/number},https://api.github.com/repos/leksah/leksah/issues/comments{/number}
1280014,bos/aeson,https://api.github.com/repos/bos/aeson,200,802,802,Haskell,70,https://api.github.com/repos/bos/aeson/issues{/number},https://api.github.com/repos/bos/aeson/issues/events{/number},https://api.github.com/repos/bos/aeson/issues/comments{/number}
94708460,adjoint-io/nanocoin,https://api.github.com/repos/adjoint-io/nanocoin,67,788,788,Haskell,0,https://api.github.com/repos/adjoint-io/nanocoin/issues{/number},https://api.github.com/repos/adjoint-io/nanocoin/issues/events{/number},https://api.github.com/repos/adjoint-io/nanocoin/issues/comments{/number}
15330613,elm-lang/elm-platform,https://api.github.com/repos/elm-lang/elm-platform,131,778,778,Haskell,9,https://api.github.com/repos/elm-lang/elm-platform/issues{/number},https://api.github.com/repos/elm-lang/elm-platform/issues/events{/number},https://api.github.com/repos/elm-lang/elm-platform/issues/comments{/number}
18895427,GaloisInc/cryptol,https://api.github.com/repos/GaloisInc/cryptol,79,765,765,Haskell,96,https://api.github.com/repos/GaloisInc/cryptol/issues{/number},https://api.github.com/repos/GaloisInc/cryptol/issues/events{/number},https://api.github.com/repos/GaloisInc/cryptol/issues/comments{/number}
11603668,ndmitchell/hlint,https://api.github.com/repos/ndmitchell/hlint,95,746,746,Haskell,157,https://api.github.com/repos/ndmitchell/hlint/issues{/number},https://api.github.com/repos/ndmitchell/hlint/issues/events{/number},https://api.github.com/repos/ndmitchell/hlint/issues/comments{/number}
40411471,agda/agda,https://api.github.com/repos/agda/agda,105,729,729,Haskell,459,https://api.github.com/repos/agda/agda/issues{/number},https://api.github.com/repos/agda/agda/issues/events{/number},https://api.github.com/repos/agda/agda/issues/comments{/number}
4323288,aurapm/aura,https://api.github.com/repos/aurapm/aura,75,714,714,Haskell,14,https://api.github.com/repos/aurapm/aura/issues{/number},https://api.github.com/repos/aurapm/aura/issues/events{/number},https://api.github.com/repos/aurapm/aura/issues/comments{/number}
26408057,reflex-frp/reflex,https://api.github.com/repos/reflex-frp/reflex,110,709,709,Haskell,57,https://api.github.com/repos/reflex-frp/reflex/issues{/number},https://api.github.com/repos/reflex-frp/reflex/issues/events{/number},https://api.github.com/repos/reflex-frp/reflex/issues/comments{/number}
2623416,colah/ImplicitCAD,https://api.github.com/repos/colah/ImplicitCAD,101,708,708,Haskell,39,https://api.github.com/repos/colah/ImplicitCAD/issues{/number},https://api.github.com/repos/colah/ImplicitCAD/issues/events{/number},https://api.github.com/repos/colah/ImplicitCAD/issues/comments{/number}
35321175,jtdaugherty/brick,https://api.github.com/repos/jtdaugherty/brick,85,692,692,Haskell,1,https://api.github.com/repos/jtdaugherty/brick/issues{/number},https://api.github.com/repos/jtdaugherty/brick/issues/events{/number},https://api.github.com/repos/jtdaugherty/brick/issues/comments{/number}
15487422,sdiehl/kaleidoscope,https://api.github.com/repos/sdiehl/kaleidoscope,100,688,688,Haskell,5,https://api.github.com/repos/sdiehl/kaleidoscope/issues{/number},https://api.github.com/repos/sdiehl/kaleidoscope/issues/events{/number},https://api.github.com/repos/sdiehl/kaleidoscope/issues/comments{/number}
555313,DanielG/ghc-mod,https://api.github.com/repos/DanielG/ghc-mod,187,685,685,Haskell,111,https://api.github.com/repos/DanielG/ghc-mod/issues{/number},https://api.github.com/repos/DanielG/ghc-mod/issues/events{/number},https://api.github.com/repos/DanielG/ghc-mod/issues/comments{/number}
30816374,ajtulloch/dnngraph,https://api.github.com/repos/ajtulloch/dnngraph,58,678,678,Haskell,8,https://api.github.com/repos/ajtulloch/dnngraph/issues{/number},https://api.github.com/repos/ajtulloch/dnngraph/issues/events{/number},https://api.github.com/repos/ajtulloch/dnngraph/issues/comments{/number}
29413716,Gabriel439/Haskell-Turtle-Library,https://api.github.com/repos/Gabriel439/Haskell-Turtle-Library,74,657,657,Haskell,31,https://api.github.com/repos/Gabriel439/Haskell-Turtle-Library/issues{/number},https://api.github.com/repos/Gabriel439/Haskell-Turtle-Library/issues/events{/number},https://api.github.com/repos/Gabriel439/Haskell-Turtle-Library/issues/comments{/number}
5913967,ucsd-progsys/liquidhaskell,https://api.github.com/repos/ucsd-progsys/liquidhaskell,87,636,636,Haskell,270,https://api.github.com/repos/ucsd-progsys/liquidhaskell/issues{/number},https://api.github.com/repos/ucsd-progsys/liquidhaskell/issues/events{/number},https://api.github.com/repos/ucsd-progsys/liquidhaskell/issues/comments{/number}
11172497,clash-lang/clash-compiler,https://api.github.com/repos/clash-lang/clash-compiler,67,634,634,Haskell,84,https://api.github.com/repos/clash-lang/clash-compiler/issues{/number},https://api.github.com/repos/clash-lang/clash-compiler/issues/events{/number},https://api.github.com/repos/clash-lang/clash-compiler/issues/comments{/number}
88126172,uber/queryparser,https://api.github.com/repos/uber/queryparser,64,627,627,Haskell,18,https://api.github.com/repos/uber/queryparser/issues{/number},https://api.github.com/repos/uber/queryparser/issues/events{/number},https://api.github.com/repos/uber/queryparser/issues/comments{/number}
2473037,bos/stanford-cs240h,https://api.github.com/repos/bos/stanford-cs240h,60,626,626,Haskell,1,https://api.github.com/repos/bos/stanford-cs240h/issues{/number},https://api.github.com/repos/bos/stanford-cs240h/issues/events{/number},https://api.github.com/repos/bos/stanford-cs240h/issues/comments{/number}
2956839,snoyberg/conduit,https://api.github.com/repos/snoyberg/conduit,161,613,613,Haskell,24,https://api.github.com/repos/snoyberg/conduit/issues{/number},https://api.github.com/repos/snoyberg/conduit/issues/events{/number},https://api.github.com/repos/snoyberg/conduit/issues/comments{/number}
2836059,haskell-distributed/distributed-process,https://api.github.com/repos/haskell-distributed/distributed-process,77,599,599,Haskell,68,https://api.github.com/repos/haskell-distributed/distributed-process/issues{/number},https://api.github.com/repos/haskell-distributed/distributed-process/issues/events{/number},https://api.github.com/repos/haskell-distributed/distributed-process/issues/comments{/number}
1585601,AccelerateHS/accelerate,https://api.github.com/repos/AccelerateHS/accelerate,78,599,599,Haskell,55,https://api.github.com/repos/AccelerateHS/accelerate/issues{/number},https://api.github.com/repos/AccelerateHS/accelerate/issues/events{/number},https://api.github.com/repos/AccelerateHS/accelerate/issues/comments{/number}
24516776,ndmitchell/ghcid,https://api.github.com/repos/ndmitchell/ghcid,59,590,590,Haskell,51,https://api.github.com/repos/ndmitchell/ghcid/issues{/number},https://api.github.com/repos/ndmitchell/ghcid/issues/events{/number},https://api.github.com/repos/ndmitchell/ghcid/issues/comments{/number}
11231382,z0w0/helm,https://api.github.com/repos/z0w0/helm,70,584,584,Haskell,23,https://api.github.com/repos/z0w0/helm/issues{/number},https://api.github.com/repos/z0w0/helm/issues/events{/number},https://api.github.com/repos/z0w0/helm/issues/comments{/number}
20011340,BinRoot/Haskell-Data-Analysis-Cookbook,https://api.github.com/repos/BinRoot/Haskell-Data-Analysis-Cookbook,107,576,576,Haskell,0,https://api.github.com/repos/BinRoot/Haskell-Data-Analysis-Cookbook/issues{/number},https://api.github.com/repos/BinRoot/Haskell-Data-Analysis-Cookbook/issues/events{/number},https://api.github.com/repos/BinRoot/Haskell-Data-Analysis-Cookbook/issues/comments{/number}
4322202,jaspervdj/stylish-haskell,https://api.github.com/repos/jaspervdj/stylish-haskell,81,561,561,Haskell,71,https://api.github.com/repos/jaspervdj/stylish-haskell/issues{/number},https://api.github.com/repos/jaspervdj/stylish-haskell/issues/events{/number},https://api.github.com/repos/jaspervdj/stylish-haskell/issues/comments{/number}
4299529,pcapriotti/optparse-applicative,https://api.github.com/repos/pcapriotti/optparse-applicative,73,524,524,Haskell,31,https://api.github.com/repos/pcapriotti/optparse-applicative/issues{/number},https://api.github.com/repos/pcapriotti/optparse-applicative/issues/events{/number},https://api.github.com/repos/pcapriotti/optparse-applicative/issues/comments{/number}
476179,yesodweb/wai,https://api.github.com/repos/yesodweb/wai,182,520,520,Haskell,46,https://api.github.com/repos/yesodweb/wai/issues{/number},https://api.github.com/repos/yesodweb/wai/issues/events{/number},https://api.github.com/repos/yesodweb/wai/issues/comments{/number}
8417201,ndmitchell/shake,https://api.github.com/repos/ndmitchell/shake,92,517,517,Haskell,136,https://api.github.com/repos/ndmitchell/shake/issues{/number},https://api.github.com/repos/ndmitchell/shake/issues/events{/number},https://api.github.com/repos/ndmitchell/shake/issues/comments{/number}
1348302,hspec/hspec,https://api.github.com/repos/hspec/hspec,74,499,499,Haskell,39,https://api.github.com/repos/hspec/hspec/issues{/number},https://api.github.com/repos/hspec/hspec/issues/events{/number},https://api.github.com/repos/hspec/hspec/issues/comments{/number}
8776021,haskoin/haskoin-core,https://api.github.com/repos/haskoin/haskoin-core,80,481,481,Haskell,0,https://api.github.com/repos/haskoin/haskoin-core/issues{/number},https://api.github.com/repos/haskoin/haskoin-core/issues/events{/number},https://api.github.com/repos/haskoin/haskoin-core/issues/comments{/number}
44247257,fptudelft/FP101x-Content-2015,https://api.github.com/repos/fptudelft/FP101x-Content-2015,141,473,473,Haskell,0,https://api.github.com/repos/fptudelft/FP101x-Content-2015/issues{/number},https://api.github.com/repos/fptudelft/FP101x-Content-2015/issues/events{/number},https://api.github.com/repos/fptudelft/FP101x-Content-2015/issues/comments{/number}
18043169,haskell/parsec,https://api.github.com/repos/haskell/parsec,56,461,461,Haskell,36,https://api.github.com/repos/haskell/parsec/issues{/number},https://api.github.com/repos/haskell/parsec/issues/events{/number},https://api.github.com/repos/haskell/parsec/issues/comments{/number}
39738971,mrkkrp/megaparsec,https://api.github.com/repos/mrkkrp/megaparsec,56,456,456,Haskell,3,https://api.github.com/repos/mrkkrp/megaparsec/issues{/number},https://api.github.com/repos/mrkkrp/megaparsec/issues/events{/number},https://api.github.com/repos/mrkkrp/megaparsec/issues/comments{/number}
5218355,nick8325/quickcheck,https://api.github.com/repos/nick8325/quickcheck,86,452,452,Haskell,45,https://api.github.com/repos/nick8325/quickcheck/issues{/number},https://api.github.com/repos/nick8325/quickcheck/issues/events{/number},https://api.github.com/repos/nick8325/quickcheck/issues/comments{/number}
52640293,kadena-io/juno,https://api.github.com/repos/kadena-io/juno,51,446,446,Haskell,7,https://api.github.com/repos/kadena-io/juno/issues{/number},https://api.github.com/repos/kadena-io/juno/issues/events{/number},https://api.github.com/repos/kadena-io/juno/issues/comments{/number}
68808551,ThoughtWorksInc/DeepDarkFantasy,https://api.github.com/repos/ThoughtWorksInc/DeepDarkFantasy,52,439,439,Haskell,0,https://api.github.com/repos/ThoughtWorksInc/DeepDarkFantasy/issues{/number},https://api.github.com/repos/ThoughtWorksInc/DeepDarkFantasy/issues/events{/number},https://api.github.com/repos/ThoughtWorksInc/DeepDarkFantasy/issues/comments{/number}
67623822,dhall-lang/dhall-haskell,https://api.github.com/repos/dhall-lang/dhall-haskell,91,433,433,Haskell,47,https://api.github.com/repos/dhall-lang/dhall-haskell/issues{/number},https://api.github.com/repos/dhall-lang/dhall-haskell/issues/events{/number},https://api.github.com/repos/dhall-lang/dhall-haskell/issues/comments{/number}
46302884,pushcx/hpffp-resources,https://api.github.com/repos/pushcx/hpffp-resources,77,431,431,Haskell,0,https://api.github.com/repos/pushcx/hpffp-resources/issues{/number},https://api.github.com/repos/pushcx/hpffp-resources/issues/events{/number},https://api.github.com/repos/pushcx/hpffp-resources/issues/comments{/number}
18929235,elm-lang/elm-reactor,https://api.github.com/repos/elm-lang/elm-reactor,65,424,424,Haskell,45,https://api.github.com/repos/elm-lang/elm-reactor/issues{/number},https://api.github.com/repos/elm-lang/elm-reactor/issues/events{/number},https://api.github.com/repos/elm-lang/elm-reactor/issues/comments{/number}
1258629,HeinrichApfelmus/reactive-banana,https://api.github.com/repos/HeinrichApfelmus/reactive-banana,61,415,415,Haskell,52,https://api.github.com/repos/HeinrichApfelmus/reactive-banana/issues{/number},https://api.github.com/repos/HeinrichApfelmus/reactive-banana/issues/events{/number},https://api.github.com/repos/HeinrichApfelmus/reactive-banana/issues/comments{/number}
755385,snapframework/snap,https://api.github.com/repos/snapframework/snap,62,415,415,Haskell,31,https://api.github.com/repos/snapframework/snap/issues{/number},https://api.github.com/repos/snapframework/snap/issues/events{/number},https://api.github.com/repos/snapframework/snap/issues/comments{/number}
26142843,tomjaguarpaw/haskell-opaleye,https://api.github.com/repos/tomjaguarpaw/haskell-opaleye,90,411,411,Haskell,114,https://api.github.com/repos/tomjaguarpaw/haskell-opaleye/issues{/number},https://api.github.com/repos/tomjaguarpaw/haskell-opaleye/issues/events{/number},https://api.github.com/repos/tomjaguarpaw/haskell-opaleye/issues/comments{/number}
1140976,jaor/xmobar,https://api.github.com/repos/jaor/xmobar,127,405,405,Haskell,58,https://api.github.com/repos/jaor/xmobar/issues{/number},https://api.github.com/repos/jaor/xmobar/issues/events{/number},https://api.github.com/repos/jaor/xmobar/issues/comments{/number}
743060,vicfryzel/xmonad-config,https://api.github.com/repos/vicfryzel/xmonad-config,152,400,400,Haskell,3,https://api.github.com/repos/vicfryzel/xmonad-config/issues{/number},https://api.github.com/repos/vicfryzel/xmonad-config/issues/events{/number},https://api.github.com/repos/vicfryzel/xmonad-config/issues/comments{/number}
85124760,hedgehogqa/haskell-hedgehog,https://api.github.com/repos/hedgehogqa/haskell-hedgehog,52,394,394,Haskell,53,https://api.github.com/repos/hedgehogqa/haskell-hedgehog/issues{/number},https://api.github.com/repos/hedgehogqa/haskell-hedgehog/issues/events{/number},https://api.github.com/repos/hedgehogqa/haskell-hedgehog/issues/comments{/number}
23284173,chrisdone/hindent,https://api.github.com/repos/chrisdone/hindent,96,388,388,Haskell,55,https://api.github.com/repos/chrisdone/hindent/issues{/number},https://api.github.com/repos/chrisdone/hindent/issues/events{/number},https://api.github.com/repos/chrisdone/hindent/issues/comments{/number}
4619599,davidbrewer/xmonad-ubuntu-conf,https://api.github.com/repos/davidbrewer/xmonad-ubuntu-conf,183,383,383,Haskell,1,https://api.github.com/repos/davidbrewer/xmonad-ubuntu-conf/issues{/number},https://api.github.com/repos/davidbrewer/xmonad-ubuntu-conf/issues/events{/number},https://api.github.com/repos/davidbrewer/xmonad-ubuntu-conf/issues/comments{/number}
3132856,Gabriel439/Haskell-Pipes-Library,https://api.github.com/repos/Gabriel439/Haskell-Pipes-Library,68,382,382,Haskell,13,https://api.github.com/repos/Gabriel439/Haskell-Pipes-Library/issues{/number},https://api.github.com/repos/Gabriel439/Haskell-Pipes-Library/issues/events{/number},https://api.github.com/repos/Gabriel439/Haskell-Pipes-Library/issues/comments{/number}
18441357,silkapp/rest,https://api.github.com/repos/silkapp/rest,54,380,380,Haskell,50,https://api.github.com/repos/silkapp/rest/issues{/number},https://api.github.com/repos/silkapp/rest/issues/events{/number},https://api.github.com/repos/silkapp/rest/issues/comments{/number}
4075386,ndmitchell/hoogle,https://api.github.com/repos/ndmitchell/hoogle,87,374,374,Haskell,89,https://api.github.com/repos/ndmitchell/hoogle/issues{/number},https://api.github.com/repos/ndmitchell/hoogle/issues/events{/number},https://api.github.com/repos/ndmitchell/hoogle/issues/comments{/number}
58267893,haskell-foundation/foundation,https://api.github.com/repos/haskell-foundation/foundation,62,373,373,Haskell,110,https://api.github.com/repos/haskell-foundation/foundation/issues{/number},https://api.github.com/repos/haskell-foundation/foundation/issues/events{/number},https://api.github.com/repos/haskell-foundation/foundation/issues/comments{/number}
976698,bos/attoparsec,https://api.github.com/repos/bos/attoparsec,64,373,373,Haskell,22,https://api.github.com/repos/bos/attoparsec/issues{/number},https://api.github.com/repos/bos/attoparsec/issues/events{/number},https://api.github.com/repos/bos/attoparsec/issues/comments{/number}
11859481,brendanhay/amazonka,https://api.github.com/repos/brendanhay/amazonka,121,369,369,Haskell,97,https://api.github.com/repos/brendanhay/amazonka/issues{/number},https://api.github.com/repos/brendanhay/amazonka/issues/events{/number},https://api.github.com/repos/brendanhay/amazonka/issues/comments{/number}
2195611,taffybar/taffybar,https://api.github.com/repos/taffybar/taffybar,97,367,367,Haskell,57,https://api.github.com/repos/taffybar/taffybar/issues{/number},https://api.github.com/repos/taffybar/taffybar/issues/events{/number},https://api.github.com/repos/taffybar/taffybar/issues/comments{/number}
9592114,feuerbach/tasty,https://api.github.com/repos/feuerbach/tasty,61,360,360,Haskell,14,https://api.github.com/repos/feuerbach/tasty/issues{/number},https://api.github.com/repos/feuerbach/tasty/issues/events{/number},https://api.github.com/repos/feuerbach/tasty/issues/comments{/number}
18331832,bitemyapp/bloodhound,https://api.github.com/repos/bitemyapp/bloodhound,90,354,354,Haskell,35,https://api.github.com/repos/bitemyapp/bloodhound/issues{/number},https://api.github.com/repos/bitemyapp/bloodhound/issues/events{/number},https://api.github.com/repos/bitemyapp/bloodhound/issues/comments{/number}
31368174,mortberg/cubicaltt,https://api.github.com/repos/mortberg/cubicaltt,65,351,351,Haskell,21,https://api.github.com/repos/mortberg/cubicaltt/issues{/number},https://api.github.com/repos/mortberg/cubicaltt/issues/events{/number},https://api.github.com/repos/mortberg/cubicaltt/issues/comments{/number}
106774466,qfpl/applied-fp-course,https://api.github.com/repos/qfpl/applied-fp-course,118,341,341,Haskell,2,https://api.github.com/repos/qfpl/applied-fp-course/issues{/number},https://api.github.com/repos/qfpl/applied-fp-course/issues/events{/number},https://api.github.com/repos/qfpl/applied-fp-course/issues/comments{/number}
26865969,sol/hpack,https://api.github.com/repos/sol/hpack,66,339,339,Haskell,38,https://api.github.com/repos/sol/hpack/issues{/number},https://api.github.com/repos/sol/hpack/issues/events{/number},https://api.github.com/repos/sol/hpack/issues/comments{/number}
899891,vincenthz/hs-tls,https://api.github.com/repos/vincenthz/hs-tls,73,331,331,Haskell,37,https://api.github.com/repos/vincenthz/hs-tls/issues{/number},https://api.github.com/repos/vincenthz/hs-tls/issues/events{/number},https://api.github.com/repos/vincenthz/hs-tls/issues/comments{/number}
18317184,bos/wreq,https://api.github.com/repos/bos/wreq,67,330,330,Haskell,9,https://api.github.com/repos/bos/wreq/issues{/number},https://api.github.com/repos/bos/wreq/issues/events{/number},https://api.github.com/repos/bos/wreq/issues/comments{/number}
3604387,yesodweb/Shelly.hs,https://api.github.com/repos/yesodweb/Shelly.hs,79,326,326,Haskell,34,https://api.github.com/repos/yesodweb/Shelly.hs/issues{/number},https://api.github.com/repos/yesodweb/Shelly.hs/issues/events{/number},https://api.github.com/repos/yesodweb/Shelly.hs/issues/comments{/number}
29171316,tathougies/beam,https://api.github.com/repos/tathougies/beam,76,325,325,Haskell,54,https://api.github.com/repos/tathougies/beam/issues{/number},https://api.github.com/repos/tathougies/beam/issues/events{/number},https://api.github.com/repos/tathougies/beam/issues/comments{/number}
73673710,jpmorganchase/constellation,https://api.github.com/repos/jpmorganchase/constellation,112,322,322,Haskell,1,https://api.github.com/repos/jpmorganchase/constellation/issues{/number},https://api.github.com/repos/jpmorganchase/constellation/issues/events{/number},https://api.github.com/repos/jpmorganchase/constellation/issues/comments{/number}
3800545,haskell/haskell-platform,https://api.github.com/repos/haskell/haskell-platform,76,313,313,Haskell,67,https://api.github.com/repos/haskell/haskell-platform/issues{/number},https://api.github.com/repos/haskell/haskell-platform/issues/events{/number},https://api.github.com/repos/haskell/haskell-platform/issues/comments{/number}
2935325,haskell-numerics/hmatrix,https://api.github.com/repos/haskell-numerics/hmatrix,90,309,309,Haskell,51,https://api.github.com/repos/haskell-numerics/hmatrix/issues{/number},https://api.github.com/repos/haskell-numerics/hmatrix/issues/events{/number},https://api.github.com/repos/haskell-numerics/hmatrix/issues/comments{/number}
3046496,HeinrichApfelmus/threepenny-gui,https://api.github.com/repos/HeinrichApfelmus/threepenny-gui,61,302,302,Haskell,47,https://api.github.com/repos/HeinrichApfelmus/threepenny-gui/issues{/number},https://api.github.com/repos/HeinrichApfelmus/threepenny-gui/issues/events{/number},https://api.github.com/repos/HeinrichApfelmus/threepenny-gui/issues/comments{/number}
9432254,entropia/tip-toi-reveng,https://api.github.com/repos/entropia/tip-toi-reveng,75,300,300,Haskell,29,https://api.github.com/repos/entropia/tip-toi-reveng/issues{/number},https://api.github.com/repos/entropia/tip-toi-reveng/issues/events{/number},https://api.github.com/repos/entropia/tip-toi-reveng/issues/comments{/number}
570503,yesodweb/persistent,https://api.github.com/repos/yesodweb/persistent,200,299,299,Haskell,138,https://api.github.com/repos/yesodweb/persistent/issues{/number},https://api.github.com/repos/yesodweb/persistent/issues/events{/number},https://api.github.com/repos/yesodweb/persistent/issues/comments{/number}
54427114,write-you-a-scheme-v2/scheme,https://api.github.com/repos/write-you-a-scheme-v2/scheme,72,299,299,Haskell,2,https://api.github.com/repos/write-you-a-scheme-v2/scheme/issues{/number},https://api.github.com/repos/write-you-a-scheme-v2/scheme/issues/events{/number},https://api.github.com/repos/write-you-a-scheme-v2/scheme/issues/comments{/number}
11547874,sweirich/pi-forall,https://api.github.com/repos/sweirich/pi-forall,53,298,298,Haskell,0,https://api.github.com/repos/sweirich/pi-forall/issues{/number},https://api.github.com/repos/sweirich/pi-forall/issues/events{/number},https://api.github.com/repos/sweirich/pi-forall/issues/comments{/number}
680122,snapframework/snap-core,https://api.github.com/repos/snapframework/snap-core,70,297,297,Haskell,16,https://api.github.com/repos/snapframework/snap-core/issues{/number},https://api.github.com/repos/snapframework/snap-core/issues/events{/number},https://api.github.com/repos/snapframework/snap-core/issues/comments{/number}
2350130,jaspervdj/websockets,https://api.github.com/repos/jaspervdj/websockets,97,297,297,Haskell,44,https://api.github.com/repos/jaspervdj/websockets/issues{/number},https://api.github.com/repos/jaspervdj/websockets/issues/events{/number},https://api.github.com/repos/jaspervdj/websockets/issues/comments{/number}
8846799,timbod7/haskell-chart,https://api.github.com/repos/timbod7/haskell-chart,62,292,292,Haskell,49,https://api.github.com/repos/timbod7/haskell-chart/issues{/number},https://api.github.com/repos/timbod7/haskell-chart/issues/events{/number},https://api.github.com/repos/timbod7/haskell-chart/issues/comments{/number}
2677437,phadej/github,https://api.github.com/repos/phadej/github,145,282,282,Haskell,30,https://api.github.com/repos/phadej/github/issues{/number},https://api.github.com/repos/phadej/github/issues/events{/number},https://api.github.com/repos/phadej/github/issues/comments{/number}
7220522,sebastiaanvisser/clay,https://api.github.com/repos/sebastiaanvisser/clay,54,281,281,Haskell,56,https://api.github.com/repos/sebastiaanvisser/clay/issues{/number},https://api.github.com/repos/sebastiaanvisser/clay/issues/events{/number},https://api.github.com/repos/sebastiaanvisser/clay/issues/comments{/number}
57992085,google/proto-lens,https://api.github.com/repos/google/proto-lens,54,262,262,Haskell,32,https://api.github.com/repos/google/proto-lens/issues{/number},https://api.github.com/repos/google/proto-lens/issues/events{/number},https://api.github.com/repos/google/proto-lens/issues/comments{/number}
3132980,HaskVan/HaskellKoans,https://api.github.com/repos/HaskVan/HaskellKoans,81,262,262,Haskell,9,https://api.github.com/repos/HaskVan/HaskellKoans/issues{/number},https://api.github.com/repos/HaskVan/HaskellKoans/issues/events{/number},https://api.github.com/repos/HaskVan/HaskellKoans/issues/comments{/number}
14791503,benl23x5/gloss,https://api.github.com/repos/benl23x5/gloss,64,249,249,Haskell,2,https://api.github.com/repos/benl23x5/gloss/issues{/number},https://api.github.com/repos/benl23x5/gloss/issues/events{/number},https://api.github.com/repos/benl23x5/gloss/issues/comments{/number}
12241186,haskell/hackage-server,https://api.github.com/repos/haskell/hackage-server,145,246,246,Haskell,168,https://api.github.com/repos/haskell/hackage-server/issues{/number},https://api.github.com/repos/haskell/hackage-server/issues/events{/number},https://api.github.com/repos/haskell/hackage-server/issues/comments{/number}
26408077,reflex-frp/reflex-dom,https://api.github.com/repos/reflex-frp/reflex-dom,107,241,241,Haskell,50,https://api.github.com/repos/reflex-frp/reflex-dom/issues{/number},https://api.github.com/repos/reflex-frp/reflex-dom/issues/events{/number},https://api.github.com/repos/reflex-frp/reflex-dom/issues/comments{/number}
1403847,informatikr/hedis,https://api.github.com/repos/informatikr/hedis,56,239,239,Haskell,21,https://api.github.com/repos/informatikr/hedis/issues{/number},https://api.github.com/repos/informatikr/hedis/issues/events{/number},https://api.github.com/repos/informatikr/hedis/issues/comments{/number}
25347420,haskell-game/sdl2,https://api.github.com/repos/haskell-game/sdl2,66,238,238,Haskell,22,https://api.github.com/repos/haskell-game/sdl2/issues{/number},https://api.github.com/repos/haskell-game/sdl2/issues/events{/number},https://api.github.com/repos/haskell-game/sdl2/issues/comments{/number}
976732,bos/statistics,https://api.github.com/repos/bos/statistics,61,235,235,Haskell,30,https://api.github.com/repos/bos/statistics/issues{/number},https://api.github.com/repos/bos/statistics/issues/events{/number},https://api.github.com/repos/bos/statistics/issues/comments{/number}
17273391,exercism/haskell,https://api.github.com/repos/exercism/haskell,103,229,229,Haskell,19,https://api.github.com/repos/exercism/haskell/issues{/number},https://api.github.com/repos/exercism/haskell/issues/events{/number},https://api.github.com/repos/exercism/haskell/issues/comments{/number}
7801614,simonmar/parconc-examples,https://api.github.com/repos/simonmar/parconc-examples,75,229,229,Haskell,2,https://api.github.com/repos/simonmar/parconc-examples/issues{/number},https://api.github.com/repos/simonmar/parconc-examples/issues/events{/number},https://api.github.com/repos/simonmar/parconc-examples/issues/comments{/number}
4238505,snoyberg/keter,https://api.github.com/repos/snoyberg/keter,62,221,221,Haskell,41,https://api.github.com/repos/snoyberg/keter/issues{/number},https://api.github.com/repos/snoyberg/keter/issues/events{/number},https://api.github.com/repos/snoyberg/keter/issues/comments{/number}
13105127,elm-lang/elm-package,https://api.github.com/repos/elm-lang/elm-package,72,219,219,Haskell,54,https://api.github.com/repos/elm-lang/elm-package/issues{/number},https://api.github.com/repos/elm-lang/elm-package/issues/events{/number},https://api.github.com/repos/elm-lang/elm-package/issues/comments{/number}
1924888,haskell/containers,https://api.github.com/repos/haskell/containers,122,215,215,Haskell,142,https://api.github.com/repos/haskell/containers/issues{/number},https://api.github.com/repos/haskell/containers/issues/events{/number},https://api.github.com/repos/haskell/containers/issues/comments{/number}
76496763,bitemyapp/esqueleto,https://api.github.com/repos/bitemyapp/esqueleto,54,209,209,Haskell,45,https://api.github.com/repos/bitemyapp/esqueleto/issues{/number},https://api.github.com/repos/bitemyapp/esqueleto/issues/events{/number},https://api.github.com/repos/bitemyapp/esqueleto/issues/comments{/number}
1030046,haskell/network,https://api.github.com/repos/haskell/network,127,199,199,Haskell,16,https://api.github.com/repos/haskell/network/issues{/number},https://api.github.com/repos/haskell/network/issues/events{/number},https://api.github.com/repos/haskell/network/issues/comments{/number}
973074,aristidb/aws,https://api.github.com/repos/aristidb/aws,96,199,199,Haskell,36,https://api.github.com/repos/aristidb/aws/issues{/number},https://api.github.com/repos/aristidb/aws/issues/events{/number},https://api.github.com/repos/aristidb/aws/issues/comments{/number}
13072979,haskell/vector,https://api.github.com/repos/haskell/vector,85,195,195,Haskell,73,https://api.github.com/repos/haskell/vector/issues{/number},https://api.github.com/repos/haskell/vector/issues/events{/number},https://api.github.com/repos/haskell/vector/issues/comments{/number}
25888510,elm/package.elm-lang.org,https://api.github.com/repos/elm/package.elm-lang.org,82,194,194,Haskell,54,https://api.github.com/repos/elm/package.elm-lang.org/issues{/number},https://api.github.com/repos/elm/package.elm-lang.org/issues/events{/number},https://api.github.com/repos/elm/package.elm-lang.org/issues/comments{/number}
3047083,lpsmith/postgresql-simple,https://api.github.com/repos/lpsmith/postgresql-simple,84,190,190,Haskell,79,https://api.github.com/repos/lpsmith/postgresql-simple/issues{/number},https://api.github.com/repos/lpsmith/postgresql-simple/issues/events{/number},https://api.github.com/repos/lpsmith/postgresql-simple/issues/comments{/number}
41218220,xmonad/xmonad-contrib,https://api.github.com/repos/xmonad/xmonad-contrib,141,190,190,Haskell,63,https://api.github.com/repos/xmonad/xmonad-contrib/issues{/number},https://api.github.com/repos/xmonad/xmonad-contrib/issues/events{/number},https://api.github.com/repos/xmonad/xmonad-contrib/issues/comments{/number}
1008018,haskell/text,https://api.github.com/repos/haskell/text,88,188,188,Haskell,44,https://api.github.com/repos/haskell/text/issues{/number},https://api.github.com/repos/haskell/text/issues/events{/number},https://api.github.com/repos/haskell/text/issues/comments{/number}
680126,snapframework/snap-server,https://api.github.com/repos/snapframework/snap-server,70,183,183,Haskell,21,https://api.github.com/repos/snapframework/snap-server/issues{/number},https://api.github.com/repos/snapframework/snap-server/issues/events{/number},https://api.github.com/repos/snapframework/snap-server/issues/comments{/number}
43084724,brendanhay/gogol,https://api.github.com/repos/brendanhay/gogol,69,183,183,Haskell,27,https://api.github.com/repos/brendanhay/gogol/issues{/number},https://api.github.com/repos/brendanhay/gogol/issues/events{/number},https://api.github.com/repos/brendanhay/gogol/issues/comments{/number}
5658506,prowdsponsor/esqueleto,https://api.github.com/repos/prowdsponsor/esqueleto,54,179,179,Haskell,42,https://api.github.com/repos/prowdsponsor/esqueleto/issues{/number},https://api.github.com/repos/prowdsponsor/esqueleto/issues/events{/number},https://api.github.com/repos/prowdsponsor/esqueleto/issues/comments{/number}
24469133,elm-lang/elm-make,https://api.github.com/repos/elm-lang/elm-make,50,176,176,Haskell,29,https://api.github.com/repos/elm-lang/elm-make/issues{/number},https://api.github.com/repos/elm-lang/elm-make/issues/events{/number},https://api.github.com/repos/elm-lang/elm-make/issues/comments{/number}
3770150,haskell-hvr/cassava,https://api.github.com/repos/haskell-hvr/cassava,76,161,161,Haskell,45,https://api.github.com/repos/haskell-hvr/cassava/issues{/number},https://api.github.com/repos/haskell-hvr/cassava/issues/events{/number},https://api.github.com/repos/haskell-hvr/cassava/issues/comments{/number}
9851384,haskell-suite/haskell-src-exts,https://api.github.com/repos/haskell-suite/haskell-src-exts,68,159,159,Haskell,85,https://api.github.com/repos/haskell-suite/haskell-src-exts/issues{/number},https://api.github.com/repos/haskell-suite/haskell-src-exts/issues/events{/number},https://api.github.com/repos/haskell-suite/haskell-src-exts/issues/comments{/number}
2032368,simonmar/alex,https://api.github.com/repos/simonmar/alex,54,157,157,Haskell,25,https://api.github.com/repos/simonmar/alex/issues{/number},https://api.github.com/repos/simonmar/alex/issues/events{/number},https://api.github.com/repos/simonmar/alex/issues/comments{/number}
35982478,data61/lets-lens,https://api.github.com/repos/data61/lets-lens,54,153,153,Haskell,9,https://api.github.com/repos/data61/lets-lens/issues{/number},https://api.github.com/repos/data61/lets-lens/issues/events{/number},https://api.github.com/repos/data61/lets-lens/issues/comments{/number}
7279368,noelmarkham/learn-you-a-haskell-exercises,https://api.github.com/repos/noelmarkham/learn-you-a-haskell-exercises,139,151,151,Haskell,9,https://api.github.com/repos/noelmarkham/learn-you-a-haskell-exercises/issues{/number},https://api.github.com/repos/noelmarkham/learn-you-a-haskell-exercises/issues/events{/number},https://api.github.com/repos/noelmarkham/learn-you-a-haskell-exercises/issues/comments{/number}
1264573,tibbe/unordered-containers,https://api.github.com/repos/tibbe/unordered-containers,67,148,148,Haskell,70,https://api.github.com/repos/tibbe/unordered-containers/issues{/number},https://api.github.com/repos/tibbe/unordered-containers/issues/events{/number},https://api.github.com/repos/tibbe/unordered-containers/issues/comments{/number}
13319415,snoyberg/http-client,https://api.github.com/repos/snoyberg/http-client,128,144,144,Haskell,30,https://api.github.com/repos/snoyberg/http-client/issues{/number},https://api.github.com/repos/snoyberg/http-client/issues/events{/number},https://api.github.com/repos/snoyberg/http-client/issues/comments{/number}
3700080,kallisti-dev/hs-webdriver,https://api.github.com/repos/kallisti-dev/hs-webdriver,62,143,143,Haskell,19,https://api.github.com/repos/kallisti-dev/hs-webdriver/issues{/number},https://api.github.com/repos/kallisti-dev/hs-webdriver/issues/events{/number},https://api.github.com/repos/kallisti-dev/hs-webdriver/issues/comments{/number}
2161031,NixOS/cabal2nix,https://api.github.com/repos/NixOS/cabal2nix,98,141,141,Haskell,42,https://api.github.com/repos/NixOS/cabal2nix/issues{/number},https://api.github.com/repos/NixOS/cabal2nix/issues/events{/number},https://api.github.com/repos/NixOS/cabal2nix/issues/comments{/number}
39087328,commercialhaskell/stack-templates,https://api.github.com/repos/commercialhaskell/stack-templates,82,140,140,Haskell,22,https://api.github.com/repos/commercialhaskell/stack-templates/issues{/number},https://api.github.com/repos/commercialhaskell/stack-templates/issues/events{/number},https://api.github.com/repos/commercialhaskell/stack-templates/issues/comments{/number}
13579595,gtk2hs/gtk2hs,https://api.github.com/repos/gtk2hs/gtk2hs,69,139,139,Haskell,88,https://api.github.com/repos/gtk2hs/gtk2hs/issues{/number},https://api.github.com/repos/gtk2hs/gtk2hs/issues/events{/number},https://api.github.com/repos/gtk2hs/gtk2hs/issues/comments{/number}
1039256,haskell/HTTP,https://api.github.com/repos/haskell/HTTP,53,136,136,Haskell,28,https://api.github.com/repos/haskell/HTTP/issues{/number},https://api.github.com/repos/haskell/HTTP/issues/events{/number},https://api.github.com/repos/haskell/HTTP/issues/comments{/number}
3518380,tamarin-prover/tamarin-prover,https://api.github.com/repos/tamarin-prover/tamarin-prover,51,136,136,Haskell,62,https://api.github.com/repos/tamarin-prover/tamarin-prover/issues{/number},https://api.github.com/repos/tamarin-prover/tamarin-prover/issues/events{/number},https://api.github.com/repos/tamarin-prover/tamarin-prover/issues/comments{/number}
956369,jaspervdj/digestive-functors,https://api.github.com/repos/jaspervdj/digestive-functors,64,133,133,Haskell,46,https://api.github.com/repos/jaspervdj/digestive-functors/issues{/number},https://api.github.com/repos/jaspervdj/digestive-functors/issues/events{/number},https://api.github.com/repos/jaspervdj/digestive-functors/issues/comments{/number}
21498990,haskell-crypto/cryptonite,https://api.github.com/repos/haskell-crypto/cryptonite,75,132,132,Haskell,42,https://api.github.com/repos/haskell-crypto/cryptonite/issues{/number},https://api.github.com/repos/haskell-crypto/cryptonite/issues/events{/number},https://api.github.com/repos/haskell-crypto/cryptonite/issues/comments{/number}
3744283,lambdabot/lambdabot,https://api.github.com/repos/lambdabot/lambdabot,55,132,132,Haskell,36,https://api.github.com/repos/lambdabot/lambdabot/issues{/number},https://api.github.com/repos/lambdabot/lambdabot/issues/events{/number},https://api.github.com/repos/lambdabot/lambdabot/issues/comments{/number}
3031473,kazu-yamamoto/logger,https://api.github.com/repos/kazu-yamamoto/logger,59,113,113,Haskell,12,https://api.github.com/repos/kazu-yamamoto/logger/issues{/number},https://api.github.com/repos/kazu-yamamoto/logger/issues/events{/number},https://api.github.com/repos/kazu-yamamoto/logger/issues/comments{/number}
572298,yesodweb/shakespeare,https://api.github.com/repos/yesodweb/shakespeare,68,110,110,Haskell,18,https://api.github.com/repos/yesodweb/shakespeare/issues{/number},https://api.github.com/repos/yesodweb/shakespeare/issues/events{/number},https://api.github.com/repos/yesodweb/shakespeare/issues/comments{/number}
1379461,ekmett/free,https://api.github.com/repos/ekmett/free,55,109,109,Haskell,31,https://api.github.com/repos/ekmett/free/issues{/number},https://api.github.com/repos/ekmett/free/issues/events{/number},https://api.github.com/repos/ekmett/free/issues/comments{/number}
2848501,msgpack/msgpack-haskell,https://api.github.com/repos/msgpack/msgpack-haskell,62,108,108,Haskell,35,https://api.github.com/repos/msgpack/msgpack-haskell/issues{/number},https://api.github.com/repos/msgpack/msgpack-haskell/issues/events{/number},https://api.github.com/repos/msgpack/msgpack-haskell/issues/comments{/number}
19156879,dmjio/stripe,https://api.github.com/repos/dmjio/stripe,53,105,105,Haskell,14,https://api.github.com/repos/dmjio/stripe/issues{/number},https://api.github.com/repos/dmjio/stripe/issues/events{/number},https://api.github.com/repos/dmjio/stripe/issues/comments{/number}
8224278,haskell/bytestring,https://api.github.com/repos/haskell/bytestring,64,105,105,Haskell,61,https://api.github.com/repos/haskell/bytestring/issues{/number},https://api.github.com/repos/haskell/bytestring/issues/events{/number},https://api.github.com/repos/haskell/bytestring/issues/comments{/number}
5172363,diagrams/diagrams-lib,https://api.github.com/repos/diagrams/diagrams-lib,53,88,88,Haskell,50,https://api.github.com/repos/diagrams/diagrams-lib/issues{/number},https://api.github.com/repos/diagrams/diagrams-lib/issues/events{/number},https://api.github.com/repos/diagrams/diagrams-lib/issues/comments{/number}
2874174,snoyberg/markdown,https://api.github.com/repos/snoyberg/markdown,422,59,59,Haskell,4,https://api.github.com/repos/snoyberg/markdown/issues{/number},https://api.github.com/repos/snoyberg/markdown/issues/events{/number},https://api.github.com/repos/snoyberg/markdown/issues/comments{/number}
19230570,haskell/unix,https://api.github.com/repos/haskell/unix,50,50,50,Haskell,45,https://api.github.com/repos/haskell/unix/issues{/number},https://api.github.com/repos/haskell/unix/issues/events{/number},https://api.github.com/repos/haskell/unix/issues/comments{/number}
